observed_test_stat,p_value,null_dist_q95,null_dist_mean,null_dist_se
9007166.5,1.5e-4,2429231.5999999987,8042.138475000001,1487583.7235765792
