rating_group,sample_median,sample_sd,sample_size
high,12717468,79135511.97789197,634
low,3710301.5,42174996.847960226,692
